maHuyen,tenHuyen,maTinh,tenTinh
80505,Huyện An Phú,805,An Giang
80511,Huyện Châu Phú,805,An Giang
80519,Huyện Châu Thành,805,An Giang
80517,Huyện Chợ Mới,805,An Giang
80509,Huyện Phú Tân,805,An Giang
80521,Huyện Thoại Sơn,805,An Giang
80515,Huyện Tri Tôn,805,An Giang
80501,Thành phố Long Xuyên,805,An Giang
80513,Thị Xã Tịnh Biên,805,An Giang
80503,Thị xã Châu Đốc,805,An Giang
80507,Thị xã Tân Châu,805,An Giang
71705,Huyện Châu Đức,717,Bà Rịa - Vũng Tàu
71713,Huyện Côn Đảo,717,Bà Rịa - Vũng Tàu
71711,Huyện Long Điền,717,Bà Rịa - Vũng Tàu
71707,Huyện Xuyên Mộc,717,Bà Rịa - Vũng Tàu
71712,Huyện Đất Đỏ,717,Bà Rịa - Vũng Tàu
71703,Thành Phố Bà Rịa,717,Bà Rịa - Vũng Tàu
71701,Thành phố Vũng Tàu,717,Bà Rịa - Vũng Tàu
71709,Thị xã Phú Mỹ,717,Bà Rịa - Vũng Tàu
71115,Huyện Bàu Bàng,711,Bình Dương
71117,Huyện Bắc Tân Uyên,711,Bình Dương
71113,Huyện Dầu tiếng,711,Bình Dương
71111,Huyện Phú Giáo,711,Bình Dương
71109,Thành phố  Dĩ An,711,Bình Dương
71107,Thành phố Thuận An,711,Bình Dương
71101,Thành phố Thủ Dầu Một,711,Bình Dương
71105,Thành phố Tân Uyên,711,Bình Dương
71103,Thị Xã  Bến Cát,711,Bình Dương
70715,Huyện Bù Gia Mập,707,Bình Phước
70707,Huyện Bù Đăng,707,Bình Phước
70706,Huyện Bù Đốp,707,Bình Phước
70713,Huyện Hớn Quản,707,Bình Phước
70705,Huyện Lộc Ninh,707,Bình Phước
70716,Huyện Phú Riềng,707,Bình Phước
70701,Huyện Đồng Phú,707,Bình Phước
70709,Thị xã  Bình Long,707,Bình Phước
70703,Thị xã  Phước Long,707,Bình Phước
70710,Thị xã Chơn Thành,707,Bình Phước
70711,Thị xã Đồng Xoài,707,Bình Phước
71505,Huyện Bắc Bình,715,Bình Thuận
71507,Huyện Hàm Thuận Bắc,715,Bình Thuận
71509,Huyện Hàm Thuận Nam,715,Bình Thuận
71514,Huyện Hàm Tân,715,Bình Thuận
71517,Huyện Phú Quý,715,Bình Thuận
71503,Huyện Tuy Phong,715,Bình Thuận
71511,Huyện Tánh Linh,715,Bình Thuận
71515,Huyện Đức Linh,715,Bình Thuận
71501,Thành phố  Phan Thiết,715,Bình Thuận
71513,Thị xã La Gi,715,Bình Thuận
50703,Huyện An Lão,507,Bình Định
50707,Huyện Hoài Ân,507,Bình Định
50713,Huyện Phù Cát,507,Bình Định
50709,Huyện Phù Mỹ,507,Bình Định
50719,Huyện Tuy Phước,507,Bình Định
50715,Huyện Tây Sơn,507,Bình Định
50721,Huyện Vân Canh,507,Bình Định
50711,Huyện Vĩnh Thạnh,507,Bình Định
50701,Thành phố Quy Nhơn,507,Bình Định
50717,Thị xã An Nhơn,507,Bình Định
50705,Thị xã Hoài Nhơn,507,Bình Định
82106,Huyện Hoà Bình,821,Bạc Liêu
82103,Huyện Hồng Dân,821,Bạc Liêu
82109,Huyện Phước Long,821,Bạc Liêu
82105,Huyện Vĩnh Lợi,821,Bạc Liêu
82111,Huyện Đông Hải,821,Bạc Liêu
82101,Thành Phố Bạc Liêu,821,Bạc Liêu
82107,Thị Xã Giá Rai,821,Bạc Liêu
20703,Huyện Ba Bể,207,Bắc Cạn
20711,Huyện Bạch Thông,207,Bắc Cạn
20713,Huyện Chợ mới,207,Bắc Cạn
20707,Huyện Chợ Đồn,207,Bắc Cạn
20709,Huyện Na Rì,207,Bắc Cạn
20705,Huyện Ngân Sơn,207,Bắc Cạn
20704,Huyện Pác Nặm,207,Bắc Cạn
20701,Thành phố Bắc Kạn,207,Bắc Cạn
22109,Huyện Hiệp Hoà,221,Bắc Giang
22111,Huyện Lạng Giang,221,Bắc Giang
22115,Huyện Lục Nam,221,Bắc Giang
22107,Huyện Lục Ngạn,221,Bắc Giang
22113,Huyện Sơn Động,221,Bắc Giang
22105,Huyện Tân Yên,221,Bắc Giang
22117,Huyện Việt Yên,221,Bắc Giang
22119,Huyện Yên Dũng,221,Bắc Giang
22103,Huyện Yên Thế,221,Bắc Giang
22101,Thành phố  Bắc Giang,221,Bắc Giang
22315,Huyện Gia Bình,223,Bắc Ninh
22311,Huyện Lương Tài,223,Bắc Ninh
22305,Huyện Quế Võ,223,Bắc Ninh
22307,Huyện Tiên Du,223,Bắc Ninh
22303,Huyện Yên Phong,223,Bắc Ninh
22301,Thành phố Bắc Ninh,223,Bắc Ninh
22313,Thành phố Từ Sơn,223,Bắc Ninh
22309,Thị xã Quế Võ,223,Bắc Ninh
81113,Huyện Ba Tri,811,Bến Tre
81111,Huyện Bình Đại,811,Bến Tre
81103,Huyện Châu Thành,811,Bến Tre
81105,Huyện Chợ Lách,811,Bến Tre
81109,Huyện Giồng Trôm,811,Bến Tre
81108,Huyện Mỏ Cày Bắc,811,Bến Tre
81107,Huyện Mỏ Cày Nam,811,Bến Tre
81115,Huyện Thạnh Phú,811,Bến Tre
81101,Thành phố Bến Tre,811,Bến Tre
20323,Huyện Bảo Lâm,203,Cao Bằng
20303,Huyện Bảo Lạc,203,Cao Bằng
20315,Huyện Hoà An,203,Cao Bằng
20305,Huyện Hà Quảng,203,Cao Bằng
20319,Huyện Hạ Lang,203,Cao Bằng
20313,Huyện Nguyên Bình,203,Cao Bằng
20318,Huyện Phục Hoà (hết hiệu lực),203,Cao Bằng
20325,Huyện Quảng Hòa (hết hiệu lực),203,Cao Bằng
20317,Huyện Quảng Uyên (hết hiệu lực),203,Cao Bằng
20307,Huyện Thông Nông (hết hiệu lực),203,Cao Bằng
20321,Huyện Thạch An,203,Cao Bằng
20309,Huyện Trà Lĩnh (hết hiệu lực),203,Cao Bằng
20311,Huyện Trùng Khánh,203,Cao Bằng
20301,Thành phố Cao Bằng,203,Cao Bằng
82309,Huyện Cái Nước,823,Cà Mau
82313,Huyện Ngọc Hiển,823,Cà Mau
82312,Huyện Năm Căn,823,Cà Mau
82308,Huyện Phú Tân,823,Cà Mau
82303,Huyện Thới Bình,823,Cà Mau
82307,Huyện Trần Văn Thời,823,Cà Mau
82305,Huyện U Minh,823,Cà Mau
82311,Huyện Đầm Dơi,823,Cà Mau
82301,Thành phố  Cà Mau,823,Cà Mau
81507,Huyện Châu Thành (hêt h.lực),815,Cần Thơ
81517,Huyện Châu Thành A (hêt h.lực),815,Cần Thơ
81527,Huyện Cờ Đỏ,815,Cần Thơ
81513,Huyện Long Mỹ (hêt h.lực),815,Cần Thơ
81529,Huyện Phong Điền,815,Cần Thơ
81509,Huyện Phụng Hiệp (hêt h.lực),815,Cần Thơ
81531,Huyện Thới Lai,815,Cần Thơ
81525,Huyện Vĩnh Thạnh,815,Cần Thơ
81515,Huyện Vị Thuỷ (hêt h.lực),815,Cần Thơ
81521,Quận Bình Thuỷ,815,Cần Thơ
81523,Quận Cái Răng,815,Cần Thơ
81519,Quận Ninh Kiều,815,Cần Thơ
81503,Quận Thốt Nốt,815,Cần Thơ
81505,Quận Ô Môn,815,Cần Thơ
81501,Thành phố Cần Thơ (hêt h.lực),815,Cần Thơ
81511,Thị xã Vị Thanh (hêt h.lực),815,Cần Thơ
60317,Huyện Chư Prông,603,Gia Lai
60307,Huyện Chư Păh,603,Gia Lai
60331,Huyện Chư Pưh,603,Gia Lai
60319,Huyện Chư Sê,603,Gia Lai
60309,Huyện Ia Grai,603,Gia Lai
60320,Huyện IaPa,603,Gia Lai
60303,Huyện Kbang,603,Gia Lai
60323,Huyện Krông Pa,603,Gia Lai
60313,Huyện Kông Chro,603,Gia Lai
60305,Huyện Mang Yang,603,Gia Lai
60329,Huyện Phú Thiện,603,Gia Lai
60325,Huyện Đak Đoa,603,Gia Lai
60327,Huyện ĐakPơ,603,Gia Lai
60315,Huyện Đức Cơ,603,Gia Lai
60301,Thành phố  Pleiku,603,Gia Lai
60311,Thị xã An Khê,603,Gia Lai
60321,Thị xã Ayun Pa,603,Gia Lai
20111,Huyện Bắc Mê,201,Hà Giang
20119,Huyện Bắc Quang,201,Hà Giang
20113,Huyện Hoàng Su Phì,201,Hà Giang
20105,Huyện Mèo Vạc,201,Hà Giang
20118,Huyện Quang Bình,201,Hà Giang
20109,Huyện Quản Bạ,201,Hà Giang
20115,Huyện Vị Xuyên,201,Hà Giang
20117,Huyện Xín Mần,201,Hà Giang
20107,Huyện Yên Minh,201,Hà Giang
20103,Huyện Đồng Văn,201,Hà Giang
20101,TP Hà Giang,201,Hà Giang
11111,Huyện Bình Lục,111,Hà Nam
11105,Huyện Kim Bảng,111,Hà Nam
11107,Huyện Lý Nhân,111,Hà Nam
11109,Huyện Thanh Liêm,111,Hà Nam
11101,Thành phố Phủ Lý,111,Hà Nam
11103,Thị xã Duy Tiên,111,Hà Nam
10151,Huyện Ba Vì,101,Hà Nội
10153,Huyện Chương Mỹ,101,Hà Nội
10119,Huyện Gia Lâm,101,Hà Nội
10137,Huyện Hoài Đức,101,Hà Nội
10125,Huyện Mê Linh,101,Hà Nội
10145,Huyện Mỹ Đức,101,Hà Nội
10149,Huyện Phú Xuyên,101,Hà Nội
10131,Huyện Phúc Thọ,101,Hà Nội
10139,Huyện Quốc Oai,101,Hà Nội
10115,Huyện Sóc sơn,101,Hà Nội
10141,Huyện Thanh Oai,101,Hà Nội
10123,Huyện Thanh Trì,101,Hà Nội
10143,Huyện Thường Tín,101,Hà Nội
10135,Huyện Thạch Thất,101,Hà Nội
10121,Huyện Từ Liêm,101,Hà Nội
10133,Huyện Đan Phượng,101,Hà Nội
10117,Huyện Đông Anh,101,Hà Nội
10147,Huyện ứng Hoà,101,Hà Nội
10101,Quận Ba Đình,101,Hà Nội
10157,Quận Bắc Từ Liêm,101,Hà Nội
10113,Quận Cầu Giấy,101,Hà Nội
10107,Quận Hai Bà Trưng,101,Hà Nội
10105,Quận Hoàn Kiếm,101,Hà Nội
10108,Quận Hoàng Mai,101,Hà Nội
10127,Quận Hà Đông,101,Hà Nội
10106,Quận Long Biên,101,Hà Nội
10155,Quận Nam Từ Liêm,101,Hà Nội
10111,Quận Thanh Xuân,101,Hà Nội
10103,Quận Tây Hồ,101,Hà Nội
10109,Quận Đống đa,101,Hà Nội
10129,Thị xã Sơn Tây,101,Hà Nội
40511,Huyện Can Lộc,405,Hà Tĩnh
40515,Huyện Cẩm Xuyên,405,Hà Tĩnh
40517,Huyện Hương Khê,405,Hà Tĩnh
40509,Huyện Hương Sơn,405,Hà Tĩnh
40523,Huyện Lộc Hà,405,Hà Tĩnh
40505,Huyện Nghi Xuân,405,Hà Tĩnh
40513,Huyện Thạch Hà,405,Hà Tĩnh
40521,Huyện Vũ Quang,405,Hà Tĩnh
40507,Huyện Đức Thọ,405,Hà Tĩnh
40501,Thành phố Hà Tĩnh,405,Hà Tĩnh
40519,Thị trấn Kỳ Anh,405,Hà Tĩnh
40503,Thị xã Hồng Lĩnh,405,Hà Tĩnh
40520,Thị xã Kỳ Anh,405,Hà Tĩnh
30510,Huyện Cao Phong,305,Hòa Bình
30511,Huyện Kim Bôi,305,Hòa Bình
30507,Huyện Kỳ Sơn (hết hiệu lực),305,Hòa Bình
30509,Huyện Lương Sơn,305,Hòa Bình
30515,Huyện Lạc Sơn,305,Hòa Bình
30517,Huyện Lạc Thuỷ,305,Hòa Bình
30505,Huyện Mai Châu,305,Hòa Bình
30513,Huyện Tân Lạc,305,Hòa Bình
30519,Huyện Yên Thuỷ,305,Hòa Bình
30503,Huyện Đà Bắc,305,Hòa Bình
30501,Thành phố Hoà Bình,305,Hòa Bình
10905,Huyện Khoái Châu,109,Hưng Yên
10909,Huyện Kim Động,109,Hưng Yên
10911,Huyện Phù Cừ,109,Hưng Yên
10913,Huyện Tiên Lữ,109,Hưng Yên
10915,Huyện Văn Giang,109,Hưng Yên
10917,Huyện Văn Lâm,109,Hưng Yên
10919,Huyện Yên Mỹ,109,Hưng Yên
10907,Huyện Ân Thi,109,Hưng Yên
10901,Thành phố Hưng yên,109,Hưng Yên
10903,Thị xã Mỹ Hào,109,Hưng Yên
10719,Huyện Bình Giang,107,Hải Dương
10717,Huyện Cẩm Giàng,107,Hải Dương
10713,Huyện Gia Lộc,107,Hải Dương
10711,Huyện Kim Thành,107,Hải Dương
10709,Huyện Kinh Môn,107,Hải Dương
10705,Huyện Nam Sách,107,Hải Dương
10723,Huyện Ninh Giang,107,Hải Dương
10707,Huyện Thanh Hà,107,Hải Dương
10721,Huyện Thanh Miện,107,Hải Dương
10715,Huyện Tứ Kỳ,107,Hải Dương
10701,Thành phố Hải Dương,107,Hải Dương
10703,Thị xã Chí Linh,107,Hải Dương
10313,Huyện An Dương,103,Hải Phòng
10315,Huyện An Lão,103,Hải Phòng
10325,Huyện Bạch Long Vĩ,103,Hải Phòng
10323,Huyện Cát Hải,103,Hải Phòng
10317,Huyện Kiến Thuỵ,103,Hải Phòng
10311,Huyện Thuỷ Nguyên,103,Hải Phòng
10319,Huyện Tiên Lãng,103,Hải Phòng
10321,Huyện Vĩnh Bảo,103,Hải Phòng
10327,Quận Dương Kinh,103,Hải Phòng
10304,Quận Hải An,103,Hải Phòng
10301,Quận Hồng Bàng,103,Hải Phòng
10307,Quận Kiến An,103,Hải Phòng
10305,Quận Lê Chân,103,Hải Phòng
10303,Quận Ngô Quyền,103,Hải Phòng
10309,Quận Đồ Sơn,103,Hải Phòng
9003,Thành Phố Hải Phòng,90,
81605,Huyện Châu Thành,816,Hậu Giang
81603,Huyện Châu Thành A,816,Hậu Giang
81611,Huyện Long Mỹ,816,Hậu Giang
81608,Huyện Phụng Hiệp,816,Hậu Giang
81609,Huyện Vị Thủy,816,Hậu Giang
81607,Thành phố Ngã Bảy,816,Hậu Giang
81612,Thị Xã Long Mỹ,816,Hậu Giang
81601,Tp Vị Thanh,816,Hậu Giang
51117,Huyện Cam Lâm,511,Khánh Hòa
51107,Huyện Diên Khánh,511,Khánh Hòa
51111,Huyện KHánh Vĩnh,511,Khánh Hòa
51113,Huyện Khánh Sơn,511,Khánh Hòa
51115,Huyện Trường Sa,511,Khánh Hòa
51103,Huyện Vạn Ninh,511,Khánh Hòa
51109,Thành phố Cam Ranh,511,Khánh Hòa
51101,Thành phố Nha Trang,511,Khánh Hòa
51105,Thị xã Ninh Hoà,511,Khánh Hòa
81315,Huyện An Biên,813,Kiên Giang
81317,Huyện An Minh,813,Kiên Giang
81309,Huyện Châu Thành,813,Kiên Giang
81304,Huyện Giang Thành,813,Kiên Giang
81311,Huyện Giồng Riềng,813,Kiên Giang
81313,Huyện Gò Quao,813,Kiên Giang
81305,Huyện Hòn Đất,813,Kiên Giang
81323,Huyện Kiên Hải,813,Kiên Giang
81303,Huyện Kiên Lương,813,Kiên Giang
81307,Huyện Tân Hiệp,813,Kiên Giang
81327,Huyện U Minh Thượng,813,Kiên Giang
81319,Huyện Vĩnh Thuận,813,Kiên Giang
81321,Thành phố Phú Quốc,813,Kiên Giang
81301,Thành phố Rạch Giá,813,Kiên Giang
81325,Thị xã Hà tiên,813,Kiên Giang
60115,Huyện  Tu Mơ Rông,601,Kon Tum
60114,Huyện Ia H'Drai,601,Kon Tum
60109,Huyện Kon Plông,601,Kon Tum
60108,Huyện Kon Rẫy,601,Kon Tum
60105,Huyện Ngọc Hồi,601,Kon Tum
60113,Huyện Sa Thầy,601,Kon Tum
60111,Huyện Đăk Hà,601,Kon Tum
60107,Huyện Đăk Tô,601,Kon Tum
60103,Huyện Đắk Glei,601,Kon Tum
60101,Thành phố Kon Tum,601,Kon Tum
30201,Huyện Mường Tè,302,Lai Châu
30213,Huyện Nậm Nhùn,302,Lai Châu
30203,Huyện Phong Thổ,302,Lai Châu
30207,Huyện Sìn Hồ,302,Lai Châu
30205,Huyện Tam Đường,302,Lai Châu
30209,Huyện Than Uyên,302,Lai Châu
30211,Huyện Tân Uyên,302,Lai Châu
30202,Thành phố Lai Châu,302,Lai Châu
80117,Huyện Bến Lức,801,Long An
80121,Huyện Châu Thành,801,Long An
80127,Huyện Cần Giuộc,801,Long An
80125,Huyện Cần Đước,801,Long An
80107,Huyện Mộc Hoá,801,Long An
80111,Huyện Thạnh Hoá,801,Long An
80119,Huyện Thủ Thừa,801,Long An
80103,Huyện Tân Hưng,801,Long An
80109,Huyện Tân Thạnh,801,Long An
80123,Huyện Tân Trụ,801,Long An
80105,Huyện Vĩnh Hưng,801,Long An
80115,Huyện Đức Hoà,801,Long An
80113,Huyện Đức Huệ,801,Long An
80101,Thành phố Tân An,801,Long An
80129,Thị xã Kiến Tường,801,Long An
20507,Huyện Bát Xát,205,Lào Cai
20511,Huyện Bảo Thắng,205,Lào Cai
20515,Huyện Bảo Yên,205,Lào Cai
20509,Huyện Bắc Hà,205,Lào Cai
20505,Huyện Mường Khương,205,Lào Cai
20521,Huyện Si Ma Cai,205,Lào Cai
20517,Huyện Than Uyên (hêt h.lực),205,Lào Cai
20519,Huyện Văn Bàn,205,Lào Cai
20501,Thành phố  Lào Cai,205,Lào Cai
20503,Thị xã Cam Đường (hêt h.lực),205,Lào Cai
20513,Thị xã Sa Pa,205,Lào Cai
70313,Huyện Bảo Lâm,703,Lâm Đồng
70321,Huyện Cát Tiên,703,Lâm Đồng
70315,Huyện Di Linh,703,Lâm Đồng
70311,Huyện Lâm Hà,703,Lâm Đồng
70305,Huyện Lạc Dương,703,Lâm Đồng
70323,Huyện Đam Rông,703,Lâm Đồng
70307,Huyện Đơn Dương,703,Lâm Đồng
70317,Huyện Đạ Huoai,703,Lâm Đồng
70319,Huyện Đạ Tẻh,703,Lâm Đồng
70309,Huyện Đức Trọng,703,Lâm Đồng
70303,Thành phố Bảo Lộc,703,Lâm Đồng
70301,Thành phố Đà Lạt,703,Lâm Đồng
20907,Huyện Bình Gia,209,Lạng Sơn
20909,Huyện Bắc Sơn,209,Lạng Sơn
20913,Huyện Cao Lộc,209,Lạng Sơn
20917,Huyện Chi Lăng,209,Lạng Sơn
20921,Huyện Hữu Lũng,209,Lạng Sơn
20915,Huyện Lộc Bình,209,Lạng Sơn
20903,Huyện Tràng Định,209,Lạng Sơn
20905,Huyện Văn Lãng,209,Lạng Sơn
20911,Huyện Văn Quan,209,Lạng Sơn
20919,Huyện Đình Lập,209,Lạng Sơn
20901,Thành phố Lạng Sơn,209,Lạng Sơn
11315,Huyện Giao Thuỷ,113,Nam Định
11319,Huyện Hải Hậu,113,Nam Định
11305,Huyện Mỹ Lộc,113,Nam Định
11309,Huyện Nam Trực,113,Nam Định
11317,Huyện Nghĩa Hưng,113,Nam Định
11311,Huyện Trực Ninh,113,Nam Định
11303,Huyện Vụ Bản,113,Nam Định
11313,Huyện Xuân Trường,113,Nam Định
11307,Huyện Ý Yên,113,Nam Định
11301,Thành phố Nam Đinh,113,Nam Định
40327,Huyện Anh SƠn,403,Nghệ An
40321,Huyện Con Cuông,403,Nghệ An
40325,Huyện Diễn Châu,403,Nghệ An
40337,Huyện Hưng Nguyên,403,Nghệ An
40309,Huyện Kỳ Sơn,403,Nghệ An
40335,Huyện Nam Đàn,403,Nghệ An
40333,Huyện Nghi Lộc,403,Nghệ An
40313,Huyện Nghĩa Đàn,403,Nghệ An
40305,Huyện Quế Phong,403,Nghệ An
40307,Huyện Quỳ Châu,403,Nghệ An
40311,Huyện Quỳ Hợp,403,Nghệ An
40317,Huyện Quỳnh Lưu,403,Nghệ An
40331,Huyện Thanh Chương,403,Nghệ An
40319,Huyện Tân Kỳ,403,Nghệ An
40315,Huyện Tương Dương,403,Nghệ An
40323,Huyện Yên THành,403,Nghệ An
40329,Huyện Đô Lương,403,Nghệ An
40301,Thành phố Vinh,403,Nghệ An
40303,Thị xã Cửa Lò,403,Nghệ An
40339,Thị xã Hoàng Mai,403,Nghệ An
40314,Thị xã Thái Hoà,403,Nghệ An
11707,Huyện Gia Viễn,117,Ninh Bình
11709,Huyện Hoa Lư,117,Ninh Bình
11715,Huyện Kim Sơn,117,Ninh Bình
11705,Huyện Nho quan,117,Ninh Bình
11713,Huyện Yên Khánh,117,Ninh Bình
11711,Huyện Yên Mô,117,Ninh Bình
11701,Thành phố Ninh Bình,117,Ninh Bình
11703,Thành phố Tam Điệp,117,Ninh Bình
70509,Huyện Bác ái,705,Ninh Thuận
70505,Huyện Ninh Hải,705,Ninh Thuận
70507,Huyện Ninh Phước,705,Ninh Thuận
70503,Huyện Ninh Sơn,705,Ninh Thuận
70511,Huyện Thuận Bắc,705,Ninh Thuận
70513,Huyện Thuận Nam,705,Ninh Thuận
70501,TP. Phan Rang-Tháp Chàm,705,Ninh Thuận
21713,Huyện Cẩm Khê,217,Phú Thọ
21707,Huyện Hạ Hoà,217,Phú Thọ
21721,Huyện Lâm Thao,217,Phú Thọ
21711,Huyện Phù Ninh,217,Phú Thọ
21717,Huyện Tam Nông,217,Phú Thọ
21709,Huyện Thanh Ba,217,Phú Thọ
21719,Huyện Thanh Sơn,217,Phú Thọ
21723,Huyện Thanh Thuỷ,217,Phú Thọ
21725,Huyện Tân Sơn,217,Phú Thọ
21720,Huyện Tân Sơn,217,Phú Thọ
21715,Huyện Yên Lập,217,Phú Thọ
21705,Huyện Đoan Hùng,217,Phú Thọ
21701,Thành phố Việt Trì,217,Phú Thọ
21703,Thị xã Phú Thọ,217,Phú Thọ
50912,Huyện  Tây  Hoà,509,Phú Yên
50915,Huyện Phú Hoà,509,Phú Yên
50913,Huyện Sông Hinh,509,Phú Yên
50909,Huyện Sơn Hoà,509,Phú Yên
50907,Huyện Tuy An,509,Phú Yên
50903,Huyện Đồng Xuân,509,Phú Yên
50901,TP Tuy Hoà,509,Phú Yên
50905,Thị xã Sông Cầu,509,Phú Yên
50911,Thị xã Đông Hòa,509,Phú Yên
40709,Huyện Bố Trạch,407,Quảng Bình
40713,Huyện Lệ Thuỷ,407,Quảng Bình
40705,Huyện Minh Hoá,407,Quảng Bình
40711,Huyện Quảng Ninh,407,Quảng Bình
40707,Huyện Quảng Trạch,407,Quảng Bình
40703,Huyện Tuyên Hoá,407,Quảng Bình
40701,Thành phố Đồng Hới,407,Quảng Bình
40715,Thị Xã Ba Đồn,407,Quảng Bình
50327,Huyện Bắc Trà My,503,Quảng Nam
50311,Huyện Duy Xuyên,503,Quảng Nam
50319,Huyện Hiệp Đức,503,Quảng Nam
50313,Huyện Nam Giang,503,Quảng Nam
50329,Huyện Nam Trà My,503,Quảng Nam
50318,Huyện Nông Sơn,503,Quảng Nam
50325,Huyện Núi Thành,503,Quảng Nam
50302,Huyện Phú Ninh,503,Quảng Nam
50323,Huyện Phước Sơn,503,Quảng Nam
50317,Huyện Quế Sơn,503,Quảng Nam
50315,Huyện Thăng Bình,503,Quảng Nam
50321,Huyện Tiên Phước,503,Quảng Nam
50304,Huyện Tây Giang,503,Quảng Nam
50305,Huyện Đông Giang,503,Quảng Nam
50307,Huyện Đại Lộc,503,Quảng Nam
50303,Thành phố Hội An,503,Quảng Nam
50301,Thành phố Tam Kỳ,503,Quảng Nam
50309,Thị Xã Điện Bàn,503,Quảng Nam
50525,Huyện Ba Tơ,505,Quảng Ngãi
50505,Huyện Bình Sơn,505,Quảng Ngãi
50503,Huyện Lý Sơn,505,Quảng Ngãi
50519,Huyện Minh Long,505,Quảng Ngãi
50521,Huyện Mộ Đức,505,Quảng Ngãi
50517,Huyện Nghĩa Hành,505,Quảng Ngãi
50513,Huyện Sơn Hà,505,Quảng Ngãi
50511,Huyện Sơn Tây,505,Quảng Ngãi
50509,Huyện Sơn Tịnh,505,Quảng Ngãi
50507,Huyện Trà Bồng,505,Quảng Ngãi
50508,Huyện Tây Trà (hết hiệu lực),505,Quảng Ngãi
50515,Huyện Tư Nghĩa,505,Quảng Ngãi
50501,Thành phố Quảng Ngãi,505,Quảng Ngãi
50523,Thị xã Đức Phổ,505,Quảng Ngãi
22515,Huyện Ba Chẽ,225,Quảng Ninh
22507,Huyện Bình Liêu,225,Quảng Ninh
22523,Huyện Cô Tô,225,Quảng Ninh
22519,Huyện Hoành Bồ (hết hiệu lực),225,Quảng Ninh
22511,Huyện Hải Hà,225,Quảng Ninh
22513,Huyện Tiên Yên,225,Quảng Ninh
22517,Huyện Vân Đồn,225,Quảng Ninh
22527,Huyện Đầm Hà,225,Quảng Ninh
22501,Thành phố Hạ Long,225,Quảng Ninh
22509,Thành phố Móng cái,225,Quảng Ninh
22505,Thành phố Uông Bí,225,Quảng Ninh
22503,Thị xã Cẩm Phả,225,Quảng Ninh
22525,Thị xã Quảng Yên,225,Quảng Ninh
22521,Thị xã Đông Triều,225,Quảng Ninh
40909,Huyện Cam Lộ,409,Quảng Trị
40907,Huyện Gio Linh,409,Quảng Trị
40915,Huyện Hướng Hoá,409,Quảng Trị
40913,Huyện Hải Lăng,409,Quảng Trị
40911,Huyện Triệu Phong,409,Quảng Trị
40905,Huyện Vĩnh Linh,409,Quảng Trị
40917,Huyện Đa Krông,409,Quảng Trị
40919,Huyện Đảo Cồn Cỏ,409,Quảng Trị
40903,Thị xã Quảng Trị,409,Quảng Trị
40901,Thị xã Đông Hà,409,Quảng Trị
81915,Huyện Châu Thành,819,Sóc Trăng
81906,Huyện Cù Lao Dung,819,Sóc Trăng
81903,Huyện Kế Sách,819,Sóc Trăng
81905,Huyện Long Phú,819,Sóc Trăng
81909,Huyện Mỹ Xuyên,819,Sóc Trăng
81907,Huyện Mỹ tú,819,Sóc Trăng
81911,Huyện Thạnh Trị,819,Sóc Trăng
81917,Huyện Trần Đề,819,Sóc Trăng
81901,Thành phố Sóc Trăng,819,Sóc Trăng
81912,Thị Xã Ngã Năm,819,Sóc Trăng
81913,Thị Xã Vĩnh Châu,819,Sóc Trăng
30309,Huyện Bắc Yên,303,Sơn La
30313,Huyện Mai Sơn,303,Sơn La
30305,Huyện Mường La,303,Sơn La
30319,Huyện Mộc Châu,303,Sơn La
30311,Huyện Phù Yên,303,Sơn La
30303,Huyện Quỳnh Nhai,303,Sơn La
30315,Huyện Sông Mã,303,Sơn La
30321,Huyện Sốp Cộp,303,Sơn La
30307,Huyện Thuận Châu,303,Sơn La
30323,Huyện Vân Hồ,303,Sơn La
30317,Huyện Yên Châu,303,Sơn La
30301,Thành phố Sơn La,303,Sơn La
70139,Huyện Bình Chánh,701,TP Hồ Chí Minh
70143,Huyện Cần Giờ,701,TP Hồ Chí Minh
70135,Huyện Củ Chi,701,TP Hồ Chí Minh
70137,Huyện Hóc Môn,701,TP Hồ Chí Minh
70141,Huyện Nhà Bè,701,TP Hồ Chí Minh
70101,Quận 1,701,TP Hồ Chí Minh
70119,Quận 10,701,TP Hồ Chí Minh
70121,Quận 11,701,TP Hồ Chí Minh
70123,Quận 12,701,TP Hồ Chí Minh
70103,Quận 2 (Hết hiệu lực),701,TP Hồ Chí Minh
70105,Quận 3,701,TP Hồ Chí Minh
70107,Quận 4,701,TP Hồ Chí Minh
70109,Quận 5,701,TP Hồ Chí Minh
70111,Quận 6,701,TP Hồ Chí Minh
70113,Quận 7,701,TP Hồ Chí Minh
70115,Quận 8,701,TP Hồ Chí Minh
70117,Quận 9 (Hết hiệu lực),701,TP Hồ Chí Minh
70129,Quận Bình Thạnh,701,TP Hồ Chí Minh
70134,Quận Bình Tân,701,TP Hồ Chí Minh
70125,Quận Gò Vấp,701,TP Hồ Chí Minh
70131,Quận Phú Nhuận,701,TP Hồ Chí Minh
70133,Quận Thủ Đức (Hết hiệu lực),701,TP Hồ Chí Minh
70127,Quận Tân Bình,701,TP Hồ Chí Minh
70128,Quận Tân phú,701,TP Hồ Chí Minh
70145,Thành phố Thủ Đức,701,TP Hồ Chí Minh
40113,Huyện Bá Thước,401,Thanh Hoá
40115,Huyện Cẩm Thuỷ,401,Thanh Hoá
40143,Huyện Hoằng Hoá,401,Thanh Hoá
40131,Huyện Hà Trung,401,Thanh Hoá
40139,Huyện Hậu Lộc,401,Thanh Hoá
40117,Huyện Lang Chánh,401,Thanh Hoá
40107,Huyện Mường Lát,401,Thanh Hoá
40133,Huyện Nga Sơn,401,Thanh Hoá
40121,Huyện Ngọc Lặc,401,Thanh Hoá
40127,Huyện Như Thanh,401,Thanh Hoá
40125,Huyện Như Xuân,401,Thanh Hoá
40151,Huyện Nông Cống,401,Thanh Hoá
40109,Huyện Quan Hoá,401,Thanh Hoá
40111,Huyện Quan Sơn,401,Thanh Hoá
40149,Huyện Quảng Xương,401,Thanh Hoá
40141,Huyện Thiệu Hoá,401,Thanh Hoá
40123,Huyện Thường Xuân,401,Thanh Hoá
40119,Huyện Thạch Thành,401,Thanh Hoá
40137,Huyện Thọ Xuân,401,Thanh Hoá
40147,Huyện Triệu Sơn,401,Thanh Hoá
40129,Huyện Vĩnh Lộc,401,Thanh Hoá
40135,Huyện Yên Định,401,Thanh Hoá
40145,Huyện Đông Sơn,401,Thanh Hoá
40105,Thành Phố Sầm Sơn,401,Thanh Hoá
40101,Thành phố Thanh Hoá,401,Thanh Hoá
40103,Thị xã Bỉm Sơn,401,Thanh Hoá
40153,Thị xã Nghi Sơn,401,Thanh Hoá
11505,Huyện Hưng Hà,115,Thái Bình
11513,Huyện Kiến Xương,115,Thái Bình
11503,Huyện Quỳnh Phụ,115,Thái Bình
11507,Huyện Thái Thụy,115,Thái Bình
11515,Huyện Tiền Hải,115,Thái Bình
11511,Huyện Vũ Thư,115,Thái Bình
11509,Huyện Đông Hưng,115,Thái Bình
11501,Thành phố Thái Bình,115,Thái Bình
21515,Huyện Phú Bình,215,Thái Nguyên
21509,Huyện Phú Lương,215,Thái Nguyên
21507,Huyện Võ Nhai,215,Thái Nguyên
21513,Huyện Đại Từ,215,Thái Nguyên
21505,Huyện Định Hoá,215,Thái Nguyên
21511,Huyện Đồng Hỷ,215,Thái Nguyên
21503,Thành Phố Sông Công,215,Thái Nguyên
21517,Thành phố Phổ Yên,215,Thái Nguyên
21501,Thành phố Thái Nguyên,215,Thái Nguyên
41115,Huyện A Lưới,411,Thừa Thiên - Huế
41117,Huyện Nam Đông,411,Thừa Thiên - Huế
41103,Huyện Phong ĐIền,411,Thừa Thiên - Huế
41113,Huyện Phú Lộc,411,Thừa Thiên - Huế
41109,Huyện Phú Vang,411,Thừa Thiên - Huế
41105,Huyện Quảng ĐIền,411,Thừa Thiên - Huế
41101,Thành phố Huế,411,Thừa Thiên - Huế
41107,Thị Xã Hương Trà,411,Thừa Thiên - Huế
41111,Thị xã  Hương Thuỷ,411,Thừa Thiên - Huế
80709,Huyện Cai Lậy,807,Tiền Giang
80707,Huyện Châu Thành,807,Tiền Giang
80711,Huyện Chợ Gạo,807,Tiền Giang
80713,Huyện Cái Bè,807,Tiền Giang
80715,Huyện Gò Công Tây,807,Tiền Giang
80717,Huyện Gò Công Đông,807,Tiền Giang
80719,Huyện Tân Phú Đông,807,Tiền Giang
80705,Huyện Tân Phước,807,Tiền Giang
80701,Thành phố Mỹ Tho,807,Tiền Giang
80721,Thị Xã Cai Lậy,807,Tiền Giang
80703,Thị xã Gò Công,807,Tiền Giang
81705,Huyện Châu Thành,817,Trà Vinh
81703,Huyện Càng Long,817,Trà Vinh
81707,Huyện Cầu Kè,817,Trà Vinh
81711,Huyện Cầu Ngang,817,Trà Vinh
81715,Huyện Duyên Hải,817,Trà Vinh
81709,Huyện Tiểu Cần,817,Trà Vinh
81713,Huyện Trà Cú,817,Trà Vinh
81701,Thành phố Trà Vinh,817,Trà Vinh
81716,Thị xã Duyên Hải,817,Trà Vinh
21105,Huyện Chiêm Hoá,211,Tuyên Quang
21107,Huyện Hàm Yên,211,Tuyên Quang
21113,Huyện Lâm Bình,211,Tuyên Quang
21103,Huyện Na Hang,211,Tuyên Quang
21111,Huyện Sơn Dương,211,Tuyên Quang
21109,Huyện Yên Sơn,211,Tuyên Quang
21101,Thành Phố Tuyên Quang,211,Tuyên Quang
70913,Huyện Bến Cầu,709,Tây Ninh
70909,Huyện Châu Thành,709,Tây Ninh
70907,Huyện Dương Minh Châu,709,Tây Ninh
70915,Huyện Gò Dầu,709,Tây Ninh
70917,Huyện Trảng Bàng,709,Tây Ninh
70903,Huyện Tân Biên,709,Tây Ninh
70905,Huyện Tân Châu,709,Tây Ninh
70901,Thành phố Tây Ninh,709,Tây Ninh
70911,Thị xã Hoà Thành,709,Tây Ninh
80908,Huyện Bình Tân,809,Vĩnh Long
80903,Huyện Long Hồ,809,Vĩnh Long
80905,Huyện Mang Thít,809,Vĩnh Long
80909,Huyện Tam Bình,809,Vĩnh Long
80911,Huyện Trà Ôn,809,Vĩnh Long
80913,Huyện Vũng Liêm,809,Vĩnh Long
80901,Thành phố  Vĩnh Long,809,Vĩnh Long
80907,Thị xã Bình Minh,809,Vĩnh Long
21913,Huyện Bình Xuyên,219,Vĩnh Phúc
21903,Huyện Lập Thạch,219,Vĩnh Phúc
21911,Huyện Mê Linh (Chuyển Hà Nội),219,Vĩnh Phúc
21915,Huyện Sông Lô,219,Vĩnh Phúc
21905,Huyện Tam Dương,219,Vĩnh Phúc
21904,Huyện Tam Đảo,219,Vĩnh Phúc
21907,Huyện Vĩnh Tường,219,Vĩnh Phúc
21909,Huyện Yên Lạc,219,Vĩnh Phúc
21902,Thành phố Phúc Yên,219,Vĩnh Phúc
21901,Thành phố Vĩnh Yên,219,Vĩnh Phúc
21305,Huyện Lục Yên,213,Yên Bái
21309,Huyện Mù Cang Chải,213,Yên Bái
21317,Huyện Trạm Tấu,213,Yên Bái
21311,Huyện Trấn Yên,213,Yên Bái
21315,Huyện Văn Chấn,213,Yên Bái
21307,Huyện Văn Yên,213,Yên Bái
21313,Huyện Yên Bình,213,Yên Bái
21301,Thành phố  Yên Bái,213,Yên Bái
21303,Thị xã Nghĩa Lộ,213,Yên Bái
30111,Huyện Mường Chà,301,Điện Biên
30104,Huyện Mường Nhé,301,Điện Biên
30105,Huyện Mường Tè (hêt h.lực),301,Điện Biên
30121,Huyện Mường ảng,301,Điện Biên
30123,Huyện Nậm Pồ,301,Điện Biên
30107,Huyện Phong Thổ (hêt h.lực),301,Điện Biên
30109,Huyện Sìn Hồ (hêt h.lực),301,Điện Biên
30108,Huyện Tam Đường (hêt h.lực),301,Điện Biên
30115,Huyện Tuần Giáo,301,Điện Biên
30113,Huyện Tủa Chùa,301,Điện Biên
30117,Huyện Điện Biên,301,Điện Biên
30119,Huyện Điện Biên Đông,301,Điện Biên
30101,TP Điện Biên Phủ,301,Điện Biên
30103,Thị xã Mường Lay,301,Điện Biên
50111,Huyện Hoà Vang,501,Đà Nẵng
50113,Huyện Đảo Hoàng Sa,501,Đà Nẵng
50115,Quận Cẩm Lệ,501,Đà Nẵng
50101,Quận Hải Châu,501,Đà Nẵng
50109,Quận Liên Chiểu,501,Đà Nẵng
50107,Quận Ngũ Hành Sơn,501,Đà Nẵng
50105,Quận Sơn Trà,501,Đà Nẵng
50103,Quận Thanh Khê,501,Đà Nẵng
60511,Huyện Buôn Đôn,605,Đắc Lắc
60521,Huyện Cư Jút (hêt h.lực),605,Đắc Lắc
60537,Huyện Cư Kuin,605,Đắc Lắc
60534,Huyện Cư Kuin,605,Đắc Lắc
60513,Huyện Cư M'gar,605,Đắc Lắc
60503,Huyện Ea H'leo,605,Đắc Lắc
60515,Huyện Ea Kar,605,Đắc Lắc
60505,Huyện Ea Súp,605,Đắc Lắc
60523,Huyện Krông A Na,605,Đắc Lắc
60539,Huyện Krông Buk,605,Đắc Lắc
60525,Huyện Krông Bông,605,Đắc Lắc
60529,Huyện Krông Nô (hêt h.lực),605,Đắc Lắc
60507,Huyện Krông Năng,605,Đắc Lắc
60519,Huyện Krông Pắc,605,Đắc Lắc
60531,Huyện Lắk,605,Đắc Lắc
60517,Huyện M'ĐrắK,605,Đắc Lắc
60527,Huyện Đắk Mil (hêt h.lực),605,Đắc Lắc
60535,Huyện Đắk Nông (hêt h.lực),605,Đắc Lắc
60533,Huyện Đắk R'Lấp (hêt h.lực),605,Đắc Lắc
60532,Huyện Đắk Song (hêt h.lực),605,Đắc Lắc
60501,TP.Buôn Ma Thuột,605,Đắc Lắc
60509,Thị xã Buôn Hồ,605,Đắc Lắc
60603,Huyện Cư Jút,606,Đắk Nông
60605,Huyện Krông Nô,606,Đắk Nông
60617,Huyện Tuy Đức,606,Đắk Nông
60615,Huyện Đắk Glong,606,Đắk Nông
60607,Huyện Đắk Mil,606,Đắk Nông
60601,Huyện Đắk Nông (hêt h.lực),606,Đắk Nông
60611,Huyện Đắk R'Lấp,606,Đắk Nông
60609,Huyện Đắk Song,606,Đắk Nông
60613,Thành phố Gia Nghĩa,606,Đắk Nông
71311,Huyện Cẩm Mỹ,713,Đồng Nai
71315,Huyện Long Thành,713,Đồng Nai
71317,Huyện Nhơn Trạch,713,Đồng Nai
71309,Huyện Thống Nhất,713,Đồng Nai
71308,Huyện Trảng Bom,713,Đồng Nai
71303,Huyện Tân Phú,713,Đồng Nai
71307,Huyện Vĩnh Cửu,713,Đồng Nai
71313,Huyện Xuân Lộc,713,Đồng Nai
71305,Huyện Định Quán,713,Đồng Nai
71302,Thành Phố Long Khánh,713,Đồng Nai
71301,Thành phố Biên Hoà,713,Đồng Nai
80315,Huyện Cao Lãnh,803,Đồng Tháp
80321,Huyện Châu Thành,803,Đồng Tháp
80307,Huyện Hồng Ngự,803,Đồng Tháp
80319,Huyện Lai Vung,803,Đồng Tháp
80317,Huyện Lấp Vò,803,Đồng Tháp
80309,Huyện Tam Nông,803,Đồng Tháp
80311,Huyện Thanh Bình,803,Đồng Tháp
80313,Huyện Tháp mười,803,Đồng Tháp
80305,Huyện Tân Hồng,803,Đồng Tháp
80301,Thành phố Cao Lãnh,803,Đồng Tháp
80323,Thành phố Hồng Ngự,803,Đồng Tháp
80303,Thành phố Sa Đéc,803,Đồng Tháp
